Organization Name,Website,Address,City,Region,Phone,Country,Industry,Products,Services,Applications,Services,Source
African Reinsurance Corporation (Africa Re),,,"Johannesburg Area, South Africa",Africa,,South Africa,Insurance,,"Insurance, Accounting, Law Practice, Entertainment",,,
AIG (American International Group),,,"Johannesburg Area, South Africa",Africa,,South Africa,Insurance,"AIG South Africa Limited, AIG Complex Casualty Claims, AIG Property Department","Insurance, Financial Services",,,
AGCS Africa (Allianz Global Corporate & Specialty (AGCS),,,"Johannesburg Area, South Africa",Africa,,South Africa,Insurance,,"Insurance, Environmental Services, Financial Services",,,
Allianz Group,,,"Johannesburg Area, South Africa",Africa,,South Africa,Insurance,,"Insurance, Management Consulting, Financial Services",,,
Aon South Africa (Aon),,,"Johannesburg Area, South Africa",Africa,,South Africa,Insurance,,"Insurance, Financial Services, Cosmetics",,,
Aon Risk Solutions,,,"Johannesburg Area, South Africa",Africa,,South Africa,Insurance,,"Insurance, Financial Services, Education Management",,,
Dynamic Insurance Brokers,,,"Johannesburg Area, South Africa",Africa,,South Africa,Insurance,,,,,
GIC Re South Africa,,,"Johannesburg Area, South Africa",Africa,,South Africa,Insurance,,,,,
Guy Carpenter,,,"Johannesburg Area, South Africa",Africa,,South Africa,Insurance,,"Insurance, Financial Services",,,
Hannover Life Reassurance Africa Ltd(Hannover Re),,,"Johannesburg Area, South Africa",Africa,,South Africa,Insurance,,"Insurance, Financial Services, Higher Education, Hospitality, Medical Practice, Internet",,,
HDI Gerling Insurance,,,,Africa,,South Africa,Insurance,,,,,
The Hollard Insurance Company(Hollard Insurance),,,"Johannesburg Area, South Africa",Africa,,South Africa,Insurance,,"Insurance, Apparel & Fashion, Public Relations and Communications, Financial Services",,,
Infiniti Insurance Ltd ( Infiniti Re ),,,"Johannesburg Area, South Africa",Africa,,South Africa,Insurance,,"Insurance, Management Consulting, Financial Services",,,
Munich Reinsurance Company of Africa (Munich Re),,,"Johannesburg Area, South Africa",Africa,,South Africa,Insurance,,"Insurance, Financial Services, Health, Wellness and Fitness, Public Relations and Communications",,,
Reinsurance Solutions,,,"Johannesburg Area, South Africa",Africa,,South Africa,Insurance,,,,,
SCOR (SCOR Africa Limited),,,"Johannesburg Area, South Africa",Africa,,South Africa,Insurance,,"Insurance, Financial Services, Accounting",,,
Swiss Re,,,"Johannesburg Area, South Africa",Africa,,South Africa,Insurance,,"Insurance, Financial Services, Legal Services, Information Technology and Services",,,
Zurich Insurance company,,,"Johannesburg Area, South Africa",Africa,,South Africa,Insurance,,"Insurance, Financial Services, Accounting",,,
Zurich North America,,,"Johannesburg Area, South Africa",Africa,,South Africa,Insurance,,"Insurance, Financial Services",,,
ABSA Insurance and Financial Advisers(Absa),,,"Johannesburg Area, South Africa",Africa,,South Africa,Insurance,,"Insurance, Financial Services",,,
ACE Insurance Limited South Africa(Chubb),,,"Johannesburg Area, South Africa",Africa,,South Africa,Insurance,,"Insurance, Environmental Services",,,
AllLife,,,"Johannesburg Area, South Africa",Africa,,South Africa,Insurance,,"Insurance, Financial Services, Management Consulting, Information Technology and Services",,,
Alexander Forbes,,,"Johannesburg Area, South Africa",Africa,,South Africa,Insurance,,"Insurance, Financial Services",,,
Chartis,,,"Cape Town Area, South Africa",Africa,,South Africa,Insurance,,"Insurance, Financial Services",,,
Mutual & Federal,,,"Johannesburg Area, South Africa",Africa,,South Africa,Insurance,,"Insurance, Financial Services",,,
Brolink,,,"Johannesburg Area, South Africa",Africa,,South Africa,Insurance,,"Insurance, Financial Services, Legal Services, Information Technology and Services, Information Services, Consumer Services",,,
CIB Insurance Administrators,,,"Johannesburg Area, South Africa",Africa,,South Africa,Insurance,,"Insurance, Financial Services",,,
Emerald Risk Transfer (Pty) Ltd,,,"Johannesburg Area, South Africa",Africa,,South Africa,Insurance,,"Insurance, Financial Services",,,
Etana Insurance Company,,,"Johannesburg Area, South Africa",Africa,,South Africa,Insurance,,"Insurance, Information Services",,,
Gen Re,,,"Johannesburg Area, South Africa",Africa,,South Africa,Insurance,,"Insurance, Financial Services",,,
GIB Insurance Brokers,,,"Johannesburg Area, South Africa",Africa,,South Africa,Insurance,,"Insurance, Financial Services",,,
GUARDRISK GROUP (PTY) LTD (Guardrisk),,,"Johannesburg Area, South Africa",Africa,,South Africa,Insurance,"GUARDRISK INSURANCE COMPANY LIMITED, GUARDRISK LIFE LIMITED, GUARDRISK ALLIED PRODUCTS AND SERVICES (PTY) LTD, GUARDRISK PREMIUM FINANCE (PTY) LTD","Insurance, Financial Services",,,
GUARDRISK GROUP (PTY) LTD (Guardrisk),,,South Africa,Africa,,MAURITIUS,Insurance,"GUARDRISK INSURANCE COMPANY LIMITED, GUARDRISK LIFE LIMITED, GUARDRISK ALLIED PRODUCTS AND SERVICES (PTY) LTD, GUARDRISK PREMIUM FINANCE (PTY) LTD","Insurance, Financial Services",,,
GUARDRISK GROUP (PTY) LTD (Guardrisk),,,"Johannesburg Area, South Africa",Africa,,NAMIBIA,Insurance,"GUARDRISK INSURANCE COMPANY LIMITED, GUARDRISK LIFE LIMITED, GUARDRISK ALLIED PRODUCTS AND SERVICES (PTY) LTD, GUARDRISK PREMIUM FINANCE (PTY) LTD","Insurance, Financial Services",,,
Lion of Africa Insurance,,,"Johannesburg Area, South Africa",Africa,,South Africa,Insurance,,"Insurance, Financial Services, Legal Services, Banking, Marketing and Advertising, Information Technology and Services",,,
OUTsurance,,,"Durban Area, South Africa",Africa,,South Africa,Insurance,,"Insurance, Financial Services, Nonprofit Organization Management",,,
OAKHURST INSURANCE COMPANY LTD,,,"Johannesburg Area, South Africa",Africa,,South Africa,Insurance,,"Insurance, Financial Services",,,
Professional Provident Society (PPS),,,"Johannesburg Area, South Africa",Africa,,South Africa,Insurance,,"Insurance, Financial Services, Writing and Editing, Marketing and Advertising",,,
Regent Insurance,,,"Johannesburg Area, South Africa",Africa,,South Africa,Insurance,,"Insurance, Financial Services, Legal Services, Airlines/Aviation",,,
Santam Insurance(Santam Re),,,"Johannesburg Area, South Africa",Africa,,South Africa,Insurance,,"Insurance, Financial Services, Banking, Human Resources, Accounting",,,
Marsh & McLennan Companies(Marsh),,,"Johannesburg Area, South Africa",Africa,,South Africa,Insurance,,"Insurance, Financial Services, Legislative Office, Law Practice, Legal Services, Government Administration, Real Estate",,,
Willis Re,,,"Johannesburg Area, South Africa",Africa,,South Africa,Insurance,,"Insurance, Real Estate",,,
Towers Watson,,,"Johannesburg Area, South Africa",Africa,,South Africa,Insurance,,"Insurance, Investment Management, Financial Services, Management Consulting",,,
African Motor Underwriters,,,"Johannesburg Area, South Africa",Africa,,South Africa,Insurance,,,,,
Abelard Underwriting Agency,,,"Durban Area, South Africa",Africa,,South Africa,Insurance,,,,,
Anderson Insurance,,,"Johannesburg Area, South Africa",Africa,,South Africa,Insurance,,"Insurance, Financial Services, Management Consulting, Leisure, Travel & Tourism, Sports",,,
Anderson Insurance Brokers,,,"Bloemfontein Area, South Africa",Africa,,South Africa,Insurance,,,,,
APBCO Risk Financial Services and Brokers (Apbco Brokers),,,,Africa,,South Africa,Insurance,,"Insurance, Financial Services, Investment Banking",,,
ARCH UNDERWRITING AT LLOYD'S LTD,,,"Johannesburg Area, South Africa",Africa,,South Africa,Insurance,,"Insurance, Marketing and Advertising",,,
"Associated Marine, Santam Ltd",,,"Johannesburg Area, South Africa",Africa,,South Africa,Insurance,,"Insurance, Construction",,,
Associated Insurance Brokers,,,"Johannesburg Area, South Africa",Africa,,South Africa,Insurance,,"Insurance, Banking",,,
Astra Brokers,,,,Africa,,South Africa,Insurance,,,,,
Brokersure,,,"Johannesburg Area, South Africa",Africa,,South Africa,Insurance,,"Insurance, Financial Services",,,
Camargue Underwriting Managers (Pty) Ltd,,,"Johannesburg Area, South Africa",Africa,,South Africa,Insurance,,"Insurance, Financial Services",,,
Centriq Insurance,,,"Johannesburg Area, South Africa",Africa,,South Africa,Insurance,,"Insurance, Financial Services",,,
CJB Brokers,,,"Johannesburg Area, South Africa",Africa,,South Africa,Insurance,,,,,
Compass Insurance Company Limited,,,,Africa,,South Africa,Insurance,,,,,
Corpsure Insurance,,,"Johannesburg Area, South Africa",Africa,,South Africa,Insurance,,"Insurance, Transportation/Trucking/Railroad",,,
Coverall Insurance Brokers,,,"Cape Town Area, South Africa",Africa,,South Africa,Insurance,,,,,
Crawford & Company,,,"Johannesburg Area, South Africa",Africa,,South Africa,Insurance,,"Insurance, Education Management, Legal Services",,,
CTA Insurance Brokers,,,South Africa,Africa,,South Africa,Insurance,,,,,
Liberty Life,,,"Durban Area, South Africa",Africa,,South Africa,Insurance,,"Insurance, Financial Services",,,
Liberty Corporate,,,South Africa,Africa,,South Africa,Insurance,,"Insurance, Financial Services, Higher Education, Research, Marketing and Advertising",,,
Liberty Life Insurance Company,,,,Africa,,South Africa,Insurance,,"Insurance, Financial Services, Banking, International Trade and Development, Education Management",,,
Donald Insurance Brokers,,,"Johannesburg Area, South Africa",Africa,,South Africa,Insurance,,,,,
F&I (Factory & Industrial Risk Managers),,,"Johannesburg Area, South Africa",Africa,,South Africa,Insurance,,"Insurance, Commercial Real Estate",,,
GENRIC Insurance Company Ltd,,,"Johannesburg Area, South Africa",Africa,,South Africa,Insurance,,"Insurance, Financial Services, Law Practice, Legal Services",,,
Gosure Brokers,,,South Africa,Africa,,South Africa,Insurance,,"Insurance, Accounting",,,
GP Brokers,,,"Johannesburg Area, South Africa",Africa,,South Africa,Insurance,,"Insurance, Financial Services",,,
HCV Underwriting Managers,,,"Johannesburg Area, South Africa",Africa,,South Africa,Insurance,,"Insurance, Financial Services",,,
Horizon Underwriting Managers,,,"Johannesburg Area, South Africa",Africa,,South Africa,Insurance,,,,,
Jardine Lloyd Thompson South Africa(JLT Group),,,"Johannesburg Area, South Africa",Africa,,South Africa,Insurance,,"Insurance, Financial Services, Accounting",,,
John Burnett Insurance,,,"Johannesburg Area, South Africa",Africa,,South Africa,Insurance,,"Insurance, Financial Services",,,
John Roe Brokers,,,"Johannesburg Area, South Africa",Africa,,South Africa,Insurance,,,,,
Kayser Baird Insurance Brokers,,,"Johannesburg Area, South Africa",Africa,,South Africa,Insurance,,"Insurance, Financial Services, Accounting, Design",,,
Kinights Insurance Brokers,,,"Johannesburg Area, South Africa",Africa,,South Africa,Insurance,,"Insurance, Financial Services",,,
LIBRA BROKERS,,,"Johannesburg Area, South Africa",Africa,,South Africa,Insurance,,,,,
Lionel Isaacs Insurance Brokers,,,"Johannesburg Area, South Africa",Africa,,South Africa,Insurance,,,,,
Lombard Insurance Company Ltd,,,"Johannesburg Area, South Africa",Africa,,South Africa,Insurance,,"Insurance, Financial Services, Investment Management, Legal Services, Accounting, Law Practice",,,
Mirabilis Engineering Underwriting Managers,,,"Johannesburg Area, South Africa",Africa,,South Africa,Insurance,,"Insurance, Financial Services",,,
Curnow Garrun Insurance (Garrun group),,,"Johannesburg Area, South Africa",Africa,,South Africa,Insurance,,,,,
Multi Risk Brokers,,,"Johannesburg Area, South Africa",Africa,,South Africa,Insurance,,,,,
Multipol Insurance Brokers,,,South Africa,Africa,,South Africa,Insurance,,,,,
Nuvision Insurance Brokers,,,"Johannesburg Area, South Africa",Africa,,South Africa,Insurance,,,,,
One Financial Services Holdings (Pty) Ltd(One Financial Services),,,"Johannesburg Area, South Africa",Africa,,South Africa,Insurance,,"Insurance, Financial Services, Sports",,,
ONE Sure,,,"Johannesburg Area, South Africa",Africa,,South Africa,Insurance,,"Insurance, Financial Services",,,
Optimum Financial Services,,,"Johannesburg Area, South Africa",Africa,,South Africa,Insurance,,"Insurance, Financial Services",,,
PIB Limited(PIB Group),,,"Johannesburg Area, South Africa",Africa,,South Africa,Insurance,,"Insurance, Financial Services",,,
Pinion Insurance Brokers,,,"Cape Town Area, South Africa",Africa,,South Africa,Insurance,,"Insurance, Financial Services, Business Supplies and Equipment",,,
Praesidio Risk Managers (Pty) Ltd,,,,Africa,,South Africa,Insurance,,,,,
PWV Insurance Brokers,,,"Johannesburg Area, South Africa",Africa,,South Africa,Insurance,,,,,
Quicksure,,,"Johannesburg Area, South Africa",Africa,,South Africa,Insurance,,"Insurance, Financial Services",,,
Rand Mutual Assurance (RMA),,,"Johannesburg Area, South Africa",Africa,,South Africa,Insurance,,"Insurance, Financial Services, Information Technology and Services, Accounting, Security and Investigations",,,
Reinsurance Group of America (RGA),,,"Johannesburg Area, South Africa",Africa,,South Africa,Insurance,,"Insurance, Financial Services",,,
Rhed Oliv Insurance Brokers,,,South Africa,Africa,,South Africa,Insurance,,,,,
Robin Baird Insurance Brokers,,,"Johannesburg Area, South Africa",Africa,,South Africa,Insurance,,,,,
SA Underwriters,,,"Johannesburg Area, South Africa",Africa,,South Africa,Insurance,,"Insurance, Financial Services, Sports",,,
Safire Insurance Company,,,South Africa,Africa,,South Africa,Insurance,,,,,
SATIB Insurance Brokers,,,,Africa,,South Africa,Insurance,,"Insurance, Financial Services, Higher Education, Marketing and Advertising",,,
Spectrum Brokers,,,,Africa,,South Africa,Insurance,,"Insurance, Defense & Space",,,
STP Insurance Brokers,,,,Africa,,South Africa,Insurance,,,,,
TLC Brokers International,,,,Africa,,South Africa,Insurance,,,,,
Tshenolo Insurance Brokers,,,"Johannesburg Area, South Africa",Africa,,South Africa,Insurance,,,,,
YourInsurance Brokers,,,"Nelspruit Area, South Africa",Africa,,South Africa,Insurance,,"Insurance, Computer Software",,,
Bastion Reinsurance Brokarage,,,"Johannesburg Area, South Africa",Africa,,South Africa,Insurance,,,,,
Luso Africa Insurance Brokers,,,"Cape Town Area, South Africa",Africa,,South Africa,Insurance,,,,,
Vulindlela Underwriting Managers (VUM),,,,Africa,,South Africa,Insurance,,,,,
Western National Insurance,,,"Johannesburg Area, South Africa",Africa,,South Africa,Insurance,,"Insurance, Financial Services",,,
"Transit Underwriting Managers (Pty) Ltd",,,,Africa,,South Africa,Insurance,,,,,
"Telesure Group Services",,,"Johannesburg Area, South Africa",Africa,,South Africa,Insurance,,"Insurance, Financial Services",,,
Youi Insurance,,,"Johannesburg Area, South Africa",Africa,,South Africa,Insurance,,"Insurance, Consumer Services, Chemicals",,,
Regent Life,,,"Johannesburg Area, South Africa",Africa,,South Africa,Insurance,,"Insurance, Financial Services",,,
African Unity Insurance Limited,,,,Africa,,South Africa,Insurance,,"Insurance, Accounting, Marketing and Advertising",,,
Assupol Life,,,South Africa,Africa,,South Africa,Insurance,,"Insurance, Financial Services, Media Production",,,
Auto & General SA,,,"Johannesburg Area, South Africa",Africa,,South Africa,Insurance,,"Insurance, Financial Services, Marketing and Advertising",,,
BIDVEST INSURANCE LIMITED,,,"Cape Town Area, South Africa",Africa,,South Africa,Insurance,,"Insurance, Financial Services, Marketing and Advertising",,,
Channel Life,,,"Johannesburg Area, South Africa",Africa,,South Africa,Insurance,,"Insurance, Marketing and Advertising",,,
Credit Guarantee,,,"Johannesburg Area, South Africa",Africa,,South Africa,Insurance,,"Insurance, Financial Services",,,
Nestlife Assurance,,,"Johannesburg Area, South Africa",Africa,,South Africa,Insurance,,"Insurance, Financial Services, Chemicals, Mining & Metals, Legal Services, Education Management",,,
Pinnafrica Insurance Underwiting Managers,,,South Africa,Africa,,South Africa,Insurance,,"Insurance, Accounting, International Affairs",,,
1Lifedirect Insurance Ltd,,,"Johannesburg Area, South Africa",Africa,,South Africa,Insurance,,"Insurance, Financial Services",,,
MUA Insurance Acceptances,,,"Johannesburg Area, South Africa",Africa,,South Africa,Insurance,,"Insurance, Financial Services, Accounting",,,
The South African Insurance Association (SAIA),,,"Johannesburg Area, South Africa",Africa,,South Africa,Insurance,,"Insurance, Financial Services,Professional Training & Coaching, Telecommunications, Import and Export, Law Practice",,,
RMB Structured Insurance,,,"Johannesburg Area, South Africa",Africa,,South Africa,Insurance,,"Insurance, Financial Services, Information Technology and Services",,,
Safrican Insurance Company,,,"Johannesburg Area, South Africa",Africa,,South Africa,Insurance,,"Insurance, Financial Services, Higher Education, Hospitality, Civil Engineering, Accounting, Banking",,,
Sasria SOC Limited,,,"Johannesburg Area, South Africa",Africa,,South Africa,Insurance,,"Insurance, Financial Services, Legal Services, Industrial Automation, Human Resources",,,
Saxum Insurance Limited,,,"Johannesburg Area, South Africa",Africa,,South Africa,Insurance,,,,,
Multi Insurance Brokers,,,"Durban Area, South Africa",Africa,,South Africa,Insurance,,"Insurance, Financial Services, Transportation/Trucking/Railroad, Accounting",,,
CC&A Insurance Brokers,,,"Johannesburg Area, South Africa",Africa,,South Africa,Insurance,,,,,
Commrisk Insurance Brokers,,,"Durban Area, South Africa",Africa,,South Africa,Insurance,,"Insurance, Financial Services, Management Consulting",,,
DMKC Insurance Brokers,,,"Port Elizabeth Area, South Africa",Africa,,South Africa,Insurance,,,,,
MetLife,,,"Johannesburg Area, South Africa",Africa,,South Africa,Insurance,,"Insurance, Financial Services",,,
KGA Life,,,South Africa,Africa,,South Africa,Insurance,,"Insurance, Financial Services",,,
Barker Insurance Brokers,,,"Johannesburg Area, South Africa",Africa,,South Africa,Insurance,,,,,
REEVES INSURANCE BROKERS,,,"Johannesburg Area, South Africa",Africa,,South Africa,Insurance,,,,,
NFB Insurance Brokers,,,"Johannesburg Area, South Africa",Africa,,South Africa,Insurance,,,,,
Glenrand MIB,,,"Cape Town Area, South Africa",Africa,,South Africa,Insurance,,"Insurance, Financial Services",,,
Old Mutual iWYZE,,,"Johannesburg Area, South Africa",Africa,,South Africa,Insurance,,"Insurance, Financial Services",,,
Oneplan Health Insurance,,,"Johannesburg Area, South Africa",Africa,,South Africa,Insurance,,"Insurance, Financial Services, Computer Software, Hospital & Health Care",,,
Oaksure,,,"Mmabatho Area, South Africa",Africa,,South Africa,Insurance,,"Insurance, Financial Services",,,
Instant Life,,,South Africa,Africa,,South Africa,Insurance,,"Insurance, Financial Services, Marketing and Advertising",,,
Cunningham Lindsey,,,"Johannesburg Area, South Africa",Africa,,South Africa,Insurance,,"Insurance, Financial Services, Information Technology and Services",,,
McCrystal Insurance Brokers,,,"Johannesburg Area, South Africa",Africa,,South Africa,Insurance,,"Insurance, Wireless",,,
Constantia Insurance,,,"Johannesburg Area, South Africa",Africa,,South Africa,Insurance,,"Insurance, Financial Services, Legal Services",,,
Aquarius Underwriting Managers,,,"Johannesburg Area, South Africa",Africa,,South Africa,Insurance,,,,,
Insurance Underwriting Managers (IUM),,,"George Area, South Africa",Africa,,South Africa,Insurance,,"Insurance, Marketing and Advertising, Higher Education, Law Practice",,,
Indequity Specialised Insurance,,,"Bisho Area, South Africa",Africa,,South Africa,Insurance,,"Insurance, Law Practice",,,
Leppard Underwriting,,,"Johannesburg Area, South Africa",Africa,,South Africa,Insurance,,,,,
Southsure,,,South Africa,Africa,,South Africa,Insurance,,,,,
C-Sure,,,"Johannesburg Area, South Africa",Africa,,South Africa,Insurance,,,,,
SKYTIV Insurance Brokers,,,"Johannesburg Area, South Africa",Africa,,South Africa,Insurance,,,,,
Afric-Cover Insurance Brokers,,,"Johannesburg Area, South Africa",Africa,,South Africa,Insurance,,"Insurance, Marketing and Advertising",,,
African Rand Underwriting Managers,,,"Cape Town Area, South Africa",Africa,,South Africa,Insurance,,,,,
Accensure Insurance Brokers,,,"Bloemfontein Area, South Africa",Africa,,South Africa,Insurance,,,,,
VISION INSURANCE broker,,,"Port Elizabeth Area, South Africa",Africa,,South Africa,Insurance,,"Insurance, Financial Services, Health, Wellness and Fitness",,,
New National ASSURANCE COMPANY,,,"Johannesburg Area, South Africa",Africa,,South Africa,Insurance,,"Insurance, Financial Services, International Affairs",,,
Scottfin Insurance Brokers,,,"Pretoria Area, South Africa",Africa,,South Africa,Insurance,,"Insurance, Financial Services, Investment Management",,,
Robsons Insurance Brokers (Pty) Ltd,,,"Johannesburg Area, South Africa",Africa,,South Africa,Insurance,,,,,
Cooke Fuller Garrun,,,"Johannesburg Area, South Africa",Africa,,South Africa,Insurance,,,,,
Echelon Private Client Insurance,,,"Johannesburg Area, South Africa",Africa,,South Africa,Insurance,,,,,
Halifax Insurance Brokers,,,"Johannesburg Area, South Africa",Africa,,South Africa,Insurance,,"Insurance, Financial Services",,,
Indwe Risk Services,,,"Johannesburg Area, South Africa",Africa,,South Africa,Insurance,,"Insurance, Financial Services",,,
Oak Tree Intermediaries (Pty) Ltd,,,"Johannesburg Area, South Africa",Africa,,South Africa,Insurance,,"Insurance, Financial Services",,,
Alliance Insurance Company,,,"Bisho Area, South Africa",Africa,,Zimbabwe,Insurance,,"Insurance, Financial Services, Design",,,
Zb reinsurance,,,"Johannesburg Area, South Africa",Africa,,Zimbabwe,Insurance,,,,,
Tropical Reinsurance Company,,,"Durban Area, South Africa",Africa,,Zimbabwe,Insurance,,,,,
Grand Reinsurance,,,,Africa,,Zimbabwe,Insurance,,"Insurance, Financial Services",,,
FBC Reinsurance(FBC Re),,,"Cape Town Area, South Africa",Africa,,Zimbabwe,Insurance,,"Insurance, Financial Services, Commercial Real Estate",,,
ZEP-RE (PTA Reinsurance Company),,,"Johannesburg Area, South Africa",Africa,,Zimbabwe,Insurance,,,,,
Baobab Reinsurance,,,"Johannesburg Area, South Africa",Africa,,Zimbabwe,Insurance,,,,,
Colonnade Reinsurance Company/Colonnade Re,,,"Johannesburg Area, South Africa",Africa,,Zimbabwe,Insurance,,,,,
Afro-Asian Reinsurance brokers,,,"Johannesburg Area, South Africa",Africa,,Zimbabwe,Insurance,,,,,
New Reinsurance Company/NewRe,,,"Johannesburg Area, South Africa",Africa,,Zimbabwe,Insurance,,,,,
Zimnat Lion Insurance,,,"Johannesburg Area, South Africa",Africa,,Zimbabwe,Insurance,,"Insurance, Financial Services, Marketing and Advertising, Accounting",,,
TiB Insurance Brokers,,,"Johannesburg Area, South Africa",Africa,,Zimbabwe,Insurance,,,,,
"Heritage Insurance Company",,,"Johannesburg Area, South Africa",Africa,,Zimbabwe,Insurance,,"Insurance, Financial Services",,,
Eagle Insurance,,,"Johannesburg Area, South Africa",Africa,,Zimbabwe,Insurance,,,,,
Nicoz Diamond Insurance Ltd,,,"Johannesburg Area, South Africa",Africa,,Zimbabwe,Insurance,,"Insurance, Financial Services, Automotive",,,
Zimbabwe Insurance Brokers/ZIB,,,"Durban Area, South Africa",Africa,,Zimbabwe,Insurance,,"Insurance, Financial Services, Information Technology and Services",,,
Quality Insurance Company,,,"Johannesburg Area, South Africa",Africa,,Zimbabwe,Insurance,,,,,
Zimre Reinsurance,,,"Johannesburg Area, South Africa",Africa,,Zimbabwe,Insurance,,"Insurance, Financial Services",,,
Glenrand MIB,,,"Johannesburg Area, South Africa",Africa,,Zimbabwe,Insurance,,,,,
Credit Insurance(Credsure),,,"Cape Town Area, South Africa",Africa,,Zimbabwe,Insurance,,"Insurance, Financial Services, Accounting, Human Resources",,,
Rm insurance,,,South Africa,Africa,,Zimbabwe,Insurance,,"Insurance, Human Resources",,,
Tristar Insurance (TristarInsurance),,,South Africa,Africa,,Zimbabwe,Insurance,,"Insurance, Market Research",,,
SATIB Insurance Brokers,,,"Johannesburg Area, South Africa",Africa,,Zimbabwe,Insurance,,"Insurance, Financial Services",,,
Allied Insurance,,,"Johannesburg Area, South Africa",Africa,,Zimbabwe,Insurance,,"Insurance, Financial Services",,,
Fidelity Life Assurance ,,,"Johannesburg Area, South Africa",Africa,,Zimbabwe,Insurance,,"Insurance, Human Resources",,,
Cell Insurance,,,South Africa,Africa,,Zimbabwe,Insurance,,,,,
Hamilton Insurance,,,"Johannesburg Area, South Africa",Africa,,Zimbabwe,Insurance,,,,,
Old Mutual,,,"Johannesburg Area, South Africa",Africa,,Zimbabwe,Insurance,,"Insurance, Financial Services",,,
CBZ INSURANCE,,,,Africa,,Zimbabwe,Insurance,,"Insurance, Management Consulting, Marketing and Advertising",,,
Gallant Insurance,,,"Johannesburg Area, South Africa",Africa,,Zimbabwe,Insurance,,"Insurance, Accounting",,,
EMERITUS REINSURANCE COMPANY SA LIMITED,,,"Pretoria Area, South Africa",Africa,,Zimbabwe,Insurance,,,,,
Aircraft Risk Company (ARC),,,"Johannesburg Area, South Africa",Africa,,South Africa,Airlines/Aviation,,,,,
Airborne Insurance Consultants (Pty) Ltd,,,"Johannesburg Area, South Africa",Africa,,South Africa,Airlines/Aviation,,,,,
Azriel Aero Aviation Underwriting Managers (Pty) Ltd,,,"Johannesburg Area, South Africa",Africa,,South Africa,Airlines/Aviation,,,,,
Club Marine Insurance intermediate,,,"Johannesburg Area, South Africa",Africa,,South Africa,Maritime,,,,,
Industrial and Domestic Risk Services (Pty) Ltd,,,,Africa,,South Africa,Insurance,,"Insurance, Financial Services",,,
Inscon Risk Services,,,"Johannesburg Area, South Africa",Africa,,South Africa,Insurance,,"Insurance, Financial Services",,,
Success Financial Services Group,,,"Johannesburg Area, South Africa",Africa,,South Africa,Insurance,,"Insurance, Financial Services",,,
Infiniti Aviation Aviation,,,"Johannesburg Area, South Africa",Africa,,South Africa,Airlines/Aviation,,,,,
Vanguard Marine & Leisure,,,"Johannesburg Area, South Africa",Africa,,South Africa,Insurance,,,,,
Tri-Marine Acceptances (Pty) Ltd,,,South Africa,Africa,,South Africa,Insurance,,,,,
Namibia National Reinsurance(NamibRe),,,"Johannesburg Area, South Africa",Africa,,Namibia,Insurance,,"Insurance, Financial Services, Accounting, Banking",,,
Neoplan Assurance Brokers,,,"Polokwane Area, South Africa",Africa,,Namibia,Insurance,,"Insurance, Real Estate",,,
Welwitschia Insurance Brokers,,,South Africa,Africa,,Namibia,Insurance,,"Insurance, Banking",,,
Continental Reinsurance,,,"Johannesburg Area, South Africa",Africa,,Nigeria,Insurance,,"Insurance, Financial Services",,,
Botswana Insurance Company,,,"Bloemfontein Area, South Africa",Africa,,Namibia,Insurance,,,,,
Dynamic Insurance Brokers,,,"Johannesburg Area, South Africa",Africa,,Namibia,Insurance,,,,,
Alpha Direct Insurance Co.,,,"Cape Town Area, South Africa",Africa,,Namibia,Insurance,,,,,
Aon,,,"Johannesburg Area, South Africa",Africa,,Namibia,Insurance,,"Insurance, Financial Services",,,
Hollard Insurance,,,"Bloemfontein Area, South Africa",Africa,,Namibia,Insurance,,,,,
Phoenix Of Botswana Assurance,,,South Africa,Africa,,Namibia,Insurance,,,,,
Zurich Insurance Company Ltd,,,South Africa,Africa,,Namibia,Insurance,,,,,
Sunshine Insurance Company Botswana (Pty) Ltd,,,"Johannesburg Area, South Africa",Africa,,Namibia,Insurance,,,,,
Regent Insurance (Botswana) (Pty) Ltd,,,"Johannesburg Area, South Africa",Africa,,Namibia,Insurance,,,,,
Alexander Forbes (Botswana) Ltd,,,"Johannesburg Area, South Africa",Africa,,Namibia,Insurance,,,,,
Merchantile Insurance Brokers,,,South Africa,Africa,,Namibia,Insurance,,,,,
Airspace Africa Underwriters,,,"Johannesburg Area, South Africa",Africa,,Namibia,Insurance,,,,,
Natsure (Pty) Ltd,,,"Durban Area, South Africa",Africa,,Namibia,Insurance,,,,,
PRESTGROUP (PTY) LTD,,,"Johannesburg Area, South Africa",Africa,,Namibia,Insurance,,,,,
DJA Aviation (DENNIS JANKELOW & ASSOCIATES),,,"Durban Area, South Africa",Africa,,Namibia,Insurance,,,,,
FLIGHTSURE AVIATION BROKERS,,,"Mmabatho Area, South Africa",Africa,,Namibia,Insurance,,,,,
Kapara Insurance Brokers,,,"Johannesburg Area, South Africa",Africa,,Namibia,Insurance,,,,,
MULTIMODAL MARINE BROKING,,,"Johannesburg Area, South Africa",Africa,,Namibia,Insurance,,,,,
Steve Slatter Insurance Brokers,,,"Johannesburg Area, South Africa",Africa,,Namibia,Insurance,,,,,
Alliance Insurance Company,,,"Port Elizabeth Area, South Africa",Africa,,Namibia,Insurance,,,,,
LESOTHO NATIONAL GENERAL INSURANCE COMPANY,,,"Johannesburg Area, South Africa",Africa,,Namibia,Insurance,,,,,
Glenrand MIB,,,South Africa,Africa,,Namibia,Insurance,,,,,
Aon Swaziland,,,"Johannesburg Area, South Africa",Africa,,Namibia,Insurance,,,,,
MOZRE,,,"Port Elizabeth Area, South Africa",Africa,,Namibia,Insurance,,,,,
Global Alliance,,,"Johannesburg Area, South Africa",Africa,,Namibia,Insurance,,,,,
Network Insurance Brokers,,,"Johannesburg Area, South Africa",Africa,,Namibia,Insurance,,,,,
Willers Insurance Brokers,,,"Port Elizabeth Area, South Africa",Africa,,Namibia,Insurance,,,,,
genesis insurance brokers,,,"Bloemfontein Area, South Africa",Africa,,Namibia,Insurance,,,,,
van Flymen & Associates,,,"Johannesburg Area, South Africa",Africa,,Namibia,Insurance,,,,,
Ark Insurance Brokers,,,"Johannesburg Area, South Africa",Africa,,Namibia,Insurance,,,,,
Madison Finance Company Ltd,,,"Johannesburg Area, South Africa",Africa,,Namibia,Insurance,,,,,
Madison General Insurance Company,,,"Johannesburg Area, South Africa",Africa,,Namibia,Insurance,,,,,
Mayfair Insurance Company Limited,,,South Africa,Africa,,Namibia,Insurance,,,,,
Meanwood General Insurance Limited,,,South Africa,Africa,,Namibia,Insurance,,,,,
Nico Insurance Services,,,"Johannesburg Area, South Africa",Africa,,Namibia,Insurance,,,,,
Phoenix Assurance Group,,,"Johannesburg Area, South Africa",Africa,,Namibia,Insurance,,,,,
Prima Reinsurance,,,South Africa,Africa,,Namibia,Insurance,,,,,
Professional Insurance / Professional Insurance Corporate Zambia,,,"Johannesburg Area, South Africa",Africa,,Namibia,Insurance,,,,,
Ultimate Insurance,,,South Africa,Africa,,Namibia,Insurance,,,,,
Zambian Reinsurance Company,,,South Africa,Africa,,Namibia,Insurance,,,,,
ZSIC (Zambia State Insurance Corporation) General Insurance,,,"Johannesburg Area, South Africa",Africa,,Namibia,Insurance,,,,,
ZSIC GI,,,"Johannesburg Area, South Africa",Africa,,Namibia,Insurance,,,,,
Zsic life,,,"Johannesburg Area, South Africa",Africa,,Namibia,Insurance,,,,,
Goldman Insurance Group,,,,Africa,,Namibia,Insurance,,,,,
Diamond General Insurance,,,,Africa,,Namibia,Insurance,,,,,
African Grey insurance Company,,,,Africa,,Namibia,Insurance,,,,,
Benchmark Insurance Services,,,,Africa,,Namibia,Insurance,,,,,
Focus General Insurance,,,,Africa,,Namibia,Insurance,,,,,
Savanna Insurance Brokers,,,"Botshabelo Area, South Africa",Africa,,Namibia,Insurance,,,,,
"Austral Seguros, S.A",,,South Africa,Africa,,Namibia,Insurance,,,,,
Moçambique Companhia de Seguros,,,"Botshabelo Area, South Africa",Africa,,Namibia,Insurance,,,,,
Real Seguros / Real insurance,,,"Witbank Area, South Africa",Africa,,Namibia,Insurance,,,,,
Empresa Moçambicana de Seguros,,,"Johannesburg Area, South Africa",Africa,,Namibia,Insurance,,,,,
Global Seguros - Angola,,,,Africa,,Namibia,Insurance,,,,,
ENSA - Seguros de Angola,,,South Africa,Africa,,Namibia,Insurance,,,,,
NOSSA Seguros,,,South Africa,Africa,,Namibia,Insurance,,,,,
AIBA - Allied Insurance Brokers Angola,,,South Africa,Africa,,Namibia,Insurance,,,,,
BONWS Seguros,,,South Africa,Africa,,Namibia,Insurance,,,,,
Universal Seguros S.A.,,,South Africa,Africa,,Namibia,Insurance,,,,,
"MOSEG - Corretores de Seguros e Resseguros, S.A.",,,South Africa,Africa,,Namibia,Insurance,,,,,
Enyandi Insurance Consultants,,,South Africa,Africa,,Namibia,Insurance,,,,,
prosure insurance brokers,,,South Africa,Africa,,Namibia,Insurance,,,,,
african alliance,,,,Africa,,Namibia,Insurance,,,,,
BMM Insurance Brokers,,,"Johannesburg Area, South Africa",Africa,,Namibia,Insurance,,,,,
DUPS Holdings,,,"Johannesburg Area, South Africa",Africa,,Namibia,Insurance,,,,,
Swaziland Royal Insurance Corporation,,,"Johannesburg Area, South Africa",Africa,,Namibia,Insurance,,,,,
Orchard Insurance Group,,,,Africa,,Namibia,Insurance,,,,,
Britam Insurance,,,"Johannesburg Area, South Africa",Africa,,Namibia,Insurance,,,,,
Nico Insurance Brokers,,,"Johannesburg Area, South Africa",Africa,,Namibia,Insurance,,,,,
NICO GENERAL COMPANY,,,"Johannesburg Area, South Africa",Africa,,Namibia,Insurance,,,,,
Prime Insurance Company,,,"Johannesburg Area, South Africa",Africa,,Namibia,Insurance,,,,,
United General Insurance company,,,"Johannesburg Area, South Africa",Africa,,Namibia,Insurance,,,,,
Vanguard Assurance Company Limited,,,South Africa,Africa,,Namibia,Insurance,,,,,
charter insurance,,,"Johannesburg Area, South Africa",Africa,,Namibia,Insurance,,,,,
GENERAL ALLIANCE INSURANCE LIMITED,,,"Johannesburg Area, South Africa",Africa,,Namibia,Insurance,,,,,
REUNION INSURANCE,,,"Johannesburg Area, South Africa",Africa,,Namibia,Insurance,,,,,
Hubertus Clausius,,,"Johannesburg Area, South Africa",Africa,,Namibia,Insurance,,,,,
PSG Insure,,,"Johannesburg Area, South Africa",Africa,,Namibia,Insurance,,,,,
MMI Holdings,,,"Johannesburg Area, South Africa",Africa,,Namibia,Insurance,,,,,
Old Mutual Group,,,"Johannesburg Area, South Africa",Africa,,Namibia,Insurance,,,,,
CARL GREAVES BROKERS,,,"Johannesburg Area, South Africa",Africa,,Namibia,Insurance,,,,,
Bay Union Insurance Brokers,,,,Africa,,Namibia,Insurance,,,,,
NMG Consulting,,,South Africa,Africa,,Namibia,Insurance,,,,,
Eikos Risk Applications (Pty) Ltd,,,South Africa,Africa,,Namibia,Insurance,,,,,
Oracle Brokers,,,South Africa,Africa,,Namibia,Insurance,,,,,
Royal Union Insurance Brokers,,,South Africa,Africa,,Namibia,Insurance,,,,,
Standard Bank Insurance Brokers,,,,Africa,,Namibia,Insurance,,,,,
Old Mutual Short term insurance,,,"Johannesburg Area, South Africa",Africa,,Namibia,Insurance,,,,,
Namsure Insurance Brokers,,,"Johannesburg Area, South Africa",Africa,,Namibia,Insurance,,,,,
Comav Risk Services,,,"Johannesburg Area, South Africa",Africa,,Namibia,Insurance,,,,,
Neptune Risk Managers,,,South Africa,Africa,,Namibia,Insurance,,,,,
First Sun Alliance Insurance Brokers,,,"Johannesburg Area, South Africa",Africa,,Namibia,Insurance,,,,,
Mercantile Insurance Company Ltd,,,"Bisho Area, South Africa",Africa,,Namibia,Insurance,,,,,
Sureway Insurance Broker,,,"Louis Trichardt Area, South Africa",Africa,,Namibia,Insurance,,,,,
AAR INSURANCE,,,South Africa,Africa,,Namibia,Insurance,,,,,
Alliance Insurance (Assurance),,,"Johannesburg Area, South Africa",Africa,,Namibia,Insurance,,,,,
Aon (Aon Tanzania),,,"Bloemfontein Area, South Africa",Africa,,Namibia,Insurance,,,,,
First Assurance Company,,,"Johannesburg Area, South Africa",Africa,,Namibia,Insurance,,,,,
Heritage Insurance Company Ltd,,,"Johannesburg Area, South Africa",Africa,,Namibia,Insurance,,,,,
ICEA Lion General Insurance,,,South Africa,Africa,,Namibia,Insurance,,,,,
Jubilee Insurance Company,,,"Johannesburg Area, South Africa",Africa,,Namibia,Insurance,,,,,
Metropolitan,,,"Johannesburg Area, South Africa",Africa,,Namibia,Insurance,,,,,
National Insurance Corporation of Tanzania (NIC),,,"Johannesburg Area, South Africa",Africa,,Namibia,Insurance,,,,,
Phoenix Assurance Group - the Pan African,,,"Johannesburg Area, South Africa",Africa,,Namibia,Insurance,,,,,
MMI Holdings Namibia Limited,,,"Johannesburg Area, South Africa",Africa,,Namibia,Insurance,,,,,
NICO Holdings,,,"Johannesburg Area, South Africa",Africa,,Namibia,Insurance,,,,,
Resolution insurance,,,"Johannesburg Area, South Africa",Africa,,Namibia,Insurance,,,,,
TAN-RE (Tanzania Reinsurance),,,"Johannesburg Area, South Africa",Africa,,Namibia,Insurance,,,,,
UAP INSURANCE,,,"Johannesburg Area, South Africa",Africa,,Namibia,Insurance,,,,,
Zanzibar Insurance Corporation,,,"Johannesburg Area, South Africa",Africa,,Namibia,Insurance,,,,,
