Organization Name,Website,Industry,Address,City,Region,Phone,Products,Services,Applications,Source
Dubai Electricity & Water Authority,,Utilities,,Dubai,Middle East,,,,,"Magazine, Delegate List , Linkedin "
Fidelity Insurance,,Insurance,,Uganda,Africa,,,,,"Magazine, Delegate List , Linkedin "
Gateway,,Insurance,,California,United States,,,,,"Magazine, Delegate List , Linkedin "
JB Boda Reinsurance Broker PVT Ltd,,Reinsurance ,,Melbourne ,Australia,,,,,"Magazine, Delegate List"
DEWA,,Reinsurance ,,London,Europe,,,,,"Magazine, Delegate List"
