First Name,Last Name,Designation,Organization Name,Phone,Email,Address,City,Region,Industry,Subindustry,Source
Tanveer Ahmed,.,Manager Commissioning Electrical,Dubai Electricity & Water Authority,,tanveer.ahmed@dewa.gov.ae,,Dubai,Middle East,Utilities,Oil & Energy,Linkein
Muhammad Mansoor Riaz,.,Electrical Engineer,Dubai Electricity and Water Authority,,mansoor.riaz@dewa.gov.ae,,Dubai,Middle East,Utilities,Utilities,Linkein
Anil Chaudhari,.,Electrical Engineer,"Dubai Electricity And Water Authority , Dubai",,anil.chaudhari@dewa.gov.ae,,Dubai,Middle East,Utilities,Electrical/Electronic Manufacturing,Linkein
Subramaniam muthuswamy,.,Electrical supervisor,Dubai Electricity and Water Authority,,subramaniam.muthuswamy@dewa.gov.ae,,Dubai,Middle East,Utilities,Government Relations,Linkein
Selvakumar Palanivel,.,Engineer- Electrical Maintenance,Dubai Electricity and Water Authority,,selvakumar.palanivel@dewa.gov.ae,,Dubai,Middle East,Utilities,Utilities,Linkein
Imran Ahmed,.,Protection Engineer - Electrical,Dubai Electricity and Water Authority,,imran.ahmed@dewa.gov.ae,,Dubai,Middle East,Utilities,Utilities,Online Search
Jaseem Ali CH,.,Electrical Maintenance Foreman,Dubai Electricity and Water Authority,,jaseem.ali@dewa.gov.ae,,Dubai,Middle East,Utilities,Utilities,Online Search
Danish Khan,.,Electrical Maintenance Engineer,Dubai Electricity and Water Authority,,danish.khan@dewa.gov.ae,,Dubai,Middle East,Utilities,Electrical/Electronic Manufacturing,Online Search
Riffaqat Mehmood,.,Sr. Electrical Technician,Dubai Electricity and Water Authority,,riffaqat.mehmood@dewa.gov.ae,,Dubai,Middle East,Utilities,Utilities,Online Search
Leonito de los Santos,.,Electrical Engineer - Head of Electrical Maintenance,Dubai Electricity and Water Authority,,leonito.santos@dewa.gov.ae,,Dubai,Middle East,Utilities,Utilities,Online Search
Ariel Real,.,Senior Electrical Technician,Fidelity Insurance,,ariel.real@dewa.gov.ae,,Uganda,Africa,Insurance,Government Administration,Linkein
Engr. Abdul Haleem,.,ELECTRICAL ENGINEER-DISTRIBUTION SECTION,Fidelity Insurance,,abdul.haleem@dewa.gov.ae,,Uganda,Africa,Insurance,Utilities,Linkein
Biplab Ranjan Shill,.,"Engineer, Electrical maintenance Department",Fidelity Insurance,,biplab.shill@dewa.gov.ae,,Uganda,Africa,Insurance,Oil & Energy,Linkein
Jaseem Ali Cholasseri,.,Electrical Foreman-Distribution Asset Management-Equipment workshop,Fidelity Insurance,,jaseem.cholasseri@dewa.gov.ae,,Uganda,Africa,Insurance,Utilities,Linkein
Nadeem Shaukat,.,Electrical Inspector/Zone Incharge,Fidelity Insurance,,nadeem.shaukat@dewa.gov.ae,,Uganda,Africa,Insurance,Electrical/Electronic Manufacturing,Linkein
Suhel Patel,.,electrical technician,Fidelity Insurance,,suhel.patel@dewa.gov.ae,,Uganda,Africa,Insurance,Electrical/Electronic Manufacturing,Online Search
SYED ZAIN,.,Electrical Engineer,Fidelity Insurance,,syed.zain@dewa.gov.ae,,Uganda,Africa,Insurance,Utilities,Online Search
Divyang Mistry,.,Deputy Manager,Fidelity Insurance,,divyang.mistry@dewa.gov.ae,,Uganda,Africa,Insurance,Utilities,Online Search
muhammad hashim,.,Electrical Engineer,Fidelity Insurance,,muhammad.hashim@dewa.gov.ae,,Uganda,Africa,Insurance,Electrical/Electronic Manufacturing,Online Search
Shaik Konath,.,Shift Incharge,Fidelity Insurance,,shaik.konath@dewa.gov.ae,,Uganda,Africa,Insurance,Utilities,Online Search
ANIL MAHATO,.,Sr.Electrician,Gateway,,anil.mahato@dewa.gov.ae,,California,United States,Insurance,Construction,Linkein
muhammad siraj Msr,.,Electrical technician,Gateway,,muhammad.siraj@dewa.gov.ae,,California,United States,Insurance,Electrical/Electronic Manufacturing,Linkein
Ahmed Negm,.,Electrical Maintenance Engineer,Gateway,,ahmed.negm@dewa.gov.ae,,California,United States,Insurance,Utilities,Linkein
Buvaneshkumar Selvaraj,.,Assistant Electrical Engineer,Gateway,,buvaneshkumar.selvaraj@dewa.gov.ae,,California,United States,Insurance,Utilities,Linkein
Herbert De Guzman,.,Foreman-Electrical Maintenance,Gateway,,herbert.deguzman@dewa.gov.ae,,California,United States,Insurance,Oil & Energy,Linkein
Christopher Apellado,.,Sr. Engineer - Electrical,Gateway,,christopher.apellado@dewa.gov.ae,,California,United States,Insurance,Utilities,Online Search
Muhammad Tariq,.,Electrical Foreman,Gateway,,muhammad.tariq@dewa.gov.ae,,California,United States,Insurance,Utilities,Online Search
ALi AlBloushi,.,Electrical Engineer,Gateway,,ali.albloushi@dewa.gov.ae,,California,United States,Insurance,Electrical/Electronic Manufacturing,Online Search
Abdul Ghafoor,.,Electrical Engineer,Gateway,,abdul.ghafoor@dewa.gov.ae,,California,United States,Insurance,Electrical/Electronic Manufacturing,Online Search
SHAMEER TV,.,ELECTRICAL ENGINEER,Gateway,,SHAMEER_TV@gateway.com,,California,United States,Insurance,Utilities,Online Search
NOOR MUHMMAD TABASAM,.,FOREMAN ELECTRICAL,JB Boda Reinsurance Broker PVT Ltd,,noor.tabasam@dewa.gov.ae,,Melbourne ,Australia,Reinsurance ,Consumer Services,Linkein
Firas Abu Al Hasan,.,Assistant Manager Transmission Asset Management,JB Boda Reinsurance Broker PVT Ltd,,firas.alhasan@dewa.gov.ae,,Melbourne ,Australia,Reinsurance ,Consumer Services,Linkein
Waseem Khan,.,Engineer -Instrumentation and controls,JB Boda Reinsurance Broker PVT Ltd,,waseem.khan@dewa.gov.ae,,Melbourne ,Australia,Reinsurance ,Consumer Services,Linkein
Aries Santiago,.,Senior Electrician,JB Boda Reinsurance Broker PVT Ltd,,aries.santiago@dewa.gov.ae,,Melbourne ,Australia,Reinsurance ,Consumer Services,Linkein
M.Azhar Aziz,.,Electrical Technician,JB Boda Reinsurance Broker PVT Ltd,,azhar.aziz@dewa.gov.ae,,Melbourne ,Australia,Reinsurance ,Consumer Services,List 
"Albert Jaro Lagos, P.E.E.",.,Electrical Maintenance Supervisor,JB Boda Reinsurance Broker PVT Ltd,,albert.lagos@dewa.gov.ae,,Melbourne ,Australia,Reinsurance ,Consumer Services,List 
shabeer ali,.,Electrical Engineer,JB Boda Reinsurance Broker PVT Ltd,,shabeer.ali@dewa.gov.ae,,Melbourne ,Australia,Reinsurance ,Consumer Services,List 
Tausif Mehmood,.,Sr.Electrical Technician.,JB Boda Reinsurance Broker PVT Ltd,,tausif.mehmood@dewa.gov.ae,,Melbourne ,Australia,Reinsurance ,Consumer Services,List 
Isidro Balmater,.,Senior Engineer - Electrical,JB Boda Reinsurance Broker PVT Ltd,,isidro.balmater@dewa.gov.ae,,Melbourne ,Australia,Reinsurance ,Captives,Linkein
RENE FORMABANG,.,Assistant ENGINEER AMI,JB Boda Reinsurance Broker PVT Ltd,,rene.formabang@dewa.gov.ae,,Melbourne ,Australia,Reinsurance ,Captives,Linkein
RABIN MUSTHAFA,.,Engineer,JB Boda Reinsurance Broker PVT Ltd,,rabin.musthafa@dewa.gov.ae,,Melbourne ,Australia,Reinsurance ,Captives,Linkein
M. samir Mejri,.,Senior electrical Engineer,JB Boda Reinsurance Broker PVT Ltd,,samir.mejri@dewa.gov.ae,,Melbourne ,Australia,Reinsurance ,Captives,Linkein
Iqbal Ahmed,.,Assistant electrical engineer,JB Boda Reinsurance Broker PVT Ltd,,iqbal.ahmed@dewa.gov.ae,,Melbourne ,Australia,Reinsurance ,Captives,Linkein
mahendran Mani,.,Electrical Engineer,JB Boda Reinsurance Broker PVT Ltd,,mahendran.mani@dewa.gov.ae,,Melbourne ,Australia,Reinsurance ,Captives,Linkein
Syed Zaidi,.,Electrical Foreman,JB Boda Reinsurance Broker PVT Ltd,,syed.zaidi@dewa.gov.ae,,Melbourne ,Australia,Reinsurance ,Captives,List 
vinayak murugan,.,Electrical,JB Boda Reinsurance Broker PVT Ltd,,vinayak.murugan@dewa.gov.ae,,Melbourne ,Australia,Reinsurance ,Captives,List 
sadiq amin,.,electrical supervisor,JB Boda Reinsurance Broker PVT Ltd,,sadiq.amin@dewa.gov.ae,,Melbourne ,Australia,Reinsurance ,Captives,List 
Qazi Farhan,.,Electrical Engineer,JB Boda Reinsurance Broker PVT Ltd,,qazi.farhan@dewa.gov.ae,,Melbourne ,Australia,Reinsurance ,Captives,List 
Deenadayal Chidambaram,.,Assistant Electrical Engineer,JB Boda Reinsurance Broker PVT Ltd,,deenadayal.chidambaram@dewa.gov.ae,,Melbourne ,Australia,Reinsurance ,Captives,List 
shamshad ahmad,.,"Electrical Supervisor, Electrical Foreman",DEWA,,shamshad.ahmad@dewa.gov.ae,,London,Europe,,Oil & Energy,Linkein
danish khan,.,Electrical Maintenance Engineer,DEWA,,danish.khan@dewa.gov.ae,,London,Europe,,Utilities,Linkein
SUBRAMANIAM muthuswamy,.,Electrical Supervsior /Site Inspector,DEWA,,subramaniam.muthuswamy@dewa.gov.ae,,London,Europe,,Government Relations,Linkein
Peeyush Vs,.,Electrical Engineering,DEWA,,peeyush.vs@dewa.com,,London,Europe,,Government Administration,Linkein
Aamiruddin Khan,.,Electrical Engineer,DEWA,,aamiruddin.khan@dewa.gov.ae,,London,Europe,,Utilities,Linkein
Abdul Qadir,.,HR & Payroll Admin,DEWA,,abdul.qadir@dewa.gov.ae,,London,Europe,,Executive Office,List 
Dipabho Banerjee,.,HR Executive,DEWA,,dipabho.banerjee@dewa.gov.ae,,London,Europe,,Construction,List 
Khalid Abdulaziz Al-Ali,.,Manager- Academic Advisory & Scholarships,DEWA,,khalid.alali@dewa.gov.ae,,London,Europe,,Government Administration,List 
Marthues Malaya,.,HR Executive,DEWA,,marthues.malaya@dewa.gov.ae,,London,Europe,,Human Resources,List 
Mohamad Nizar,.,Sr. Executive- HR,DEWA,,mohamad.nizar@dewa.gov.ae,,London,Europe,,Human Resources,List 
Thamimul Ansari,.,Contracts Engineer,DEWA,,thamimul.ansari@dewa.gov.ae,,London,Europe,,,Online Search
ABRAR ABDUL MANNAN KHAN,.,SENIOR ACCOUNTS OFFICER - CONTRACTS,DEWA,,abrar.khan@dewa.gov.ae,,London,Europe,,Government Administration,Online Search
Jawahar Ahmed Dawood Khan,.,Manager Contracts,DEWA,,Dawood.jawahar@dewa.gov.ae,,London,Europe,,Civil Engineering,Online Search
dawoodkhan jawaharahamed,.,Senior Executive-Contracts,DEWA,,dawood.jawahar@dewa.gov.ae,,London,Europe,,Government Administration,Online Search
ABDUL HAMEED HAMEED,.,SENIOR CONTRACTS MANAGER,DEWA,,abdul.hameed@dewa.gov.ae,,London,Europe,,Government Administration,Online Search
saeed aljallaf,.,Vice President Project & Engineering Transmission (Tender & Permites ),DEWA,,saeed.aljallaf@dewa.gov.ae,,London,Europe,,Electrical/Electronic Manufacturing,Online Search
